Date,시가,고가,저가,종가,거래량,외국인소진율,계약금액,최근매출액,매출액대비(%),시작일,종료일
20191111,6280,6330,6200,6250,45218,3.86,0.0,0.0,0.0,0,0
20191112,6210,6330,6210,6260,32551,3.84,0.0,0.0,0.0,0,0
20191113,6990,7100,6500,6820,1704933,2.64,0.0,0.0,0.0,0,0
20191114,6780,6930,6550,6830,343889,2.81,0.0,0.0,0.0,0,0
20191115,6860,7220,6730,7170,774900,2.83,0.0,0.0,0.0,0,0
20191118,7300,7550,7210,7270,553104,2.78,0.0,0.0,0.0,0,0
20191119,7140,7220,6930,7130,240298,3.06,0.0,0.0,0.0,0,0
20191120,7130,7210,6880,7080,191716,3.26,0.0,0.0,0.0,0,0
20191121,7000,7200,6870,6990,130130,3.28,0.0,0.0,0.0,0,0
20191122,6800,7030,6700,6730,186696,3.48,0.0,0.0,0.0,0,0
20191125,6900,7330,6860,7270,326326,3.78,0.0,0.0,0.0,0,0
20191126,7100,7390,7100,7390,167777,3.8,0.0,0.0,0.0,0,0
20191127,7390,7400,7160,7200,141805,3.45,0.0,0.0,0.0,0,0
20191128,7190,7300,6950,7000,101756,3.44,0.0,0.0,0.0,0,0
20191129,7370,7750,7250,7510,919664,3.01,0.0,0.0,0.0,0,0
20191202,7410,7540,7200,7240,347172,2.78,0.0,0.0,0.0,0,0
20191203,7320,7370,7000,7270,292944,2.69,0.0,0.0,0.0,0,0
20191204,7080,7190,7010,7080,191349,2.58,0.0,0.0,0.0,0,0
20191205,7180,8330,6620,6740,7549547,1.65,0.0,0.0,0.0,0,0
20191206,6920,7210,6780,7060,1319528,1.14,0.0,0.0,0.0,0,0
20191209,7030,7090,6780,6810,423074,1.13,0.0,0.0,0.0,0,0
20191210,6810,6830,6660,6740,234762,1.1,0.0,0.0,0.0,0,0
20191211,6700,6850,6690,6810,153226,1.21,0.0,0.0,0.0,0,0
20191212,6780,7020,6780,6950,256932,1.63,0.0,0.0,0.0,0,0
20191213,6970,6990,6820,6970,155364,1.66,0.0,0.0,0.0,0,0
20191216,7010,7100,6910,6930,260520,1.44,0.0,0.0,0.0,0,0
20191217,6990,7040,6680,6710,282840,1.59,0.0,0.0,0.0,0,0
20191218,6710,6780,6570,6780,222458,1.77,0.0,0.0,0.0,0,0
20191219,6730,6760,6600,6610,180731,1.76,0.0,0.0,0.0,0,0
20191220,6610,6680,6510,6580,139868,1.8,0.0,0.0,0.0,0,0
20191223,6520,6530,6280,6300,208770,1.91,0.0,0.0,0.0,0,0
20191224,6300,6410,6250,6250,127832,1.92,0.0,0.0,0.0,0,0
20191226,6250,6430,6250,6430,110587,2.11,0.0,0.0,0.0,0,0
20191227,6370,6810,6370,6700,200343,2.04,0.0,0.0,0.0,0,0
20191230,6780,6870,6660,6730,244049,2.12,0.0,0.0,0.0,0,0
20200102,6950,6960,6500,6550,411243,1.89,0.0,0.0,0.0,0,0
20200103,6590,6600,6410,6410,208072,1.88,0.0,0.0,0.0,0,0
20200106,6270,6390,6110,6130,194092,1.83,0.0,0.0,0.0,0,0
20200107,6180,6250,6100,6170,140159,1.78,0.0,0.0,0.0,0,0
20200108,6140,6170,5720,5750,411588,1.73,0.0,0.0,0.0,0,0
20200109,5910,6240,5910,6140,239287,2.18,0.0,0.0,0.0,0,0
20200110,6140,6320,6140,6270,117787,2.3,0.0,0.0,0.0,0,0
20200113,6250,6510,6150,6460,239162,2.71,0.0,0.0,0.0,0,0
20200114,6460,6490,6310,6360,123784,2.71,0.0,0.0,0.0,0,0
20200115,6310,6520,6310,6500,115829,2.88,0.0,0.0,0.0,0,0
20200116,6460,6570,6370,6400,90496,2.78,0.0,0.0,0.0,0,0
20200117,6370,6540,6370,6430,69881,2.83,0.0,0.0,0.0,0,0
20200120,6420,6470,6200,6220,125361,2.79,0.0,0.0,0.0,0,0
20200121,6170,6350,6170,6200,101078,2.78,0.0,0.0,0.0,0,0
20200122,6170,6300,6100,6160,87866,2.75,0.0,0.0,0.0,0,0
20200123,6130,6190,6070,6110,84154,2.71,0.0,0.0,0.0,0,0
20200128,5810,5900,5800,5800,187681,2.63,0.0,0.0,0.0,0,0
20200129,5810,6080,5810,5850,111187,2.78,0.0,0.0,0.0,0,0
20200130,5890,5910,5620,5650,148407,2.63,0.0,0.0,0.0,0,0
20200131,5650,5760,5470,5500,148399,2.61,0.0,0.0,0.0,0,0
20200203,5310,5800,5150,5480,267346,2.76,0.0,0.0,0.0,0,0
20200204,5430,5730,5430,5650,82574,2.87,0.0,0.0,0.0,0,0
20200205,5690,5820,5660,5720,75439,2.79,0.0,0.0,0.0,0,0
20200206,5800,5890,5750,5860,56620,2.73,0.0,0.0,0.0,0,0
20200207,5900,5900,5760,5870,53070,2.77,0.0,0.0,0.0,0,0
20200210,5880,6000,5810,5980,69755,2.77,0.0,0.0,0.0,0,0
20200211,5910,5930,5700,5810,103857,2.83,0.0,0.0,0.0,0,0
20200212,5800,6100,5780,5780,196169,2.65,0.0,0.0,0.0,0,0
20200213,5800,5910,5750,5800,101324,2.69,0.0,0.0,0.0,0,0
20200214,5800,5890,5760,5790,59813,2.69,0.0,0.0,0.0,0,0
20200217,5750,5770,5700,5720,55053,2.72,0.0,0.0,0.0,0,0
20200218,5730,5730,5530,5570,104991,2.74,0.0,0.0,0.0,0,0
20200219,5560,5650,5390,5500,126347,2.74,0.0,0.0,0.0,0,0
20200220,5440,5550,5350,5380,101033,2.72,0.0,0.0,0.0,0,0
20200221,5300,5390,5190,5310,141016,2.84,0.0,0.0,0.0,0,0
20200224,5170,5270,4895,4980,274468,2.71,0.0,0.0,0.0,0,0
20200225,4870,5270,4870,5170,187705,3.18,0.0,0.0,0.0,0,0
20200226,5120,5190,4910,5150,75776,3.2,0.0,0.0,0.0,0,0
20200227,5110,5220,4980,4995,112236,3.09,0.0,0.0,0.0,0,0
20200228,4995,4995,4730,4730,180484,3.04,0.0,0.0,0.0,0,0
20200302,4730,5040,4680,4985,123373,3.23,0.0,0.0,0.0,0,0
20200303,5080,5160,5010,5040,106581,3.39,0.0,0.0,0.0,0,0
20200304,5040,5190,4970,5150,77666,3.52,0.0,0.0,0.0,0,0
20200305,5240,5340,5170,5230,84460,3.44,0.0,0.0,0.0,0,0
20200306,5350,5350,5120,5170,115737,3.2,0.0,0.0,0.0,0,0
20200309,5080,5160,4910,4930,123047,3.0,0.0,0.0,0.0,0,0
20200310,4800,5070,4800,5050,123810,2.61,0.0,0.0,0.0,0,0
20200311,5050,5080,4865,4880,100087,2.36,0.0,0.0,0.0,0,0
20200312,4800,4880,4410,4415,271108,2.13,0.0,0.0,0.0,0,0
20200313,3810,4295,3610,4220,496434,2.04,0.0,0.0,0.0,0,0
20200316,4220,4400,4030,4045,172081,1.84,0.0,0.0,0.0,0,0
20200317,3605,4150,3605,4010,146322,2.01,0.0,0.0,0.0,0,0
20200318,4035,4175,3905,3905,185918,1.78,0.0,0.0,0.0,0,0
20200319,3950,4045,3350,3445,284946,1.71,0.0,0.0,0.0,0,0
20200320,3450,3645,3450,3600,214063,1.82,0.0,0.0,0.0,0,0
20200323,3445,3715,3320,3510,180686,1.74,0.0,0.0,0.0,0,0
20200324,3570,3800,3550,3770,131714,1.85,0.0,0.0,0.0,0,0
20200325,3910,4050,3820,4010,180632,1.82,0.0,0.0,0.0,0,0
20200326,4010,4225,3920,4020,183428,1.99,0.0,0.0,0.0,0,0
20200327,4175,4240,3890,4100,188189,2.07,0.0,0.0,0.0,0,0
20200330,3910,4195,3910,4165,87219,2.24,0.0,0.0,0.0,0,0
20200331,4245,5170,4150,4680,1034075,1.96,0.0,0.0,0.0,0,0
20200401,4560,4785,4480,4530,292118,2.01,0.0,0.0,0.0,0,0
20200402,4485,4600,4290,4600,189890,1.98,0.0,0.0,0.0,0,0
20200403,4605,4680,4535,4625,89298,2.0,0.0,0.0,0.0,0,0
20200406,4635,4755,4630,4750,166235,2.21,0.0,0.0,0.0,0,0
20200407,4950,4955,4710,4790,263477,2.14,0.0,0.0,0.0,0,0
20200408,4755,4855,4670,4795,146649,2.28,0.0,0.0,0.0,0,0
20200409,4920,4970,4810,4850,142094,2.39,0.0,0.0,0.0,0,0
20200410,4895,4895,4585,4840,192225,2.43,0.0,0.0,0.0,0,0
20200413,4790,4850,4710,4750,92575,2.47,0.0,0.0,0.0,0,0
20200414,4720,5160,4720,5050,621668,2.7,0.0,0.0,0.0,0,0
20200416,5170,5950,4950,5710,1728744,2.13,0.0,0.0,0.0,0,0
20200417,5670,5740,5530,5720,494449,2.15,0.0,0.0,0.0,0,0
20200420,5770,6270,5730,6010,1203324,2.03,0.0,0.0,0.0,0,0
20200421,6050,6320,5140,5690,1618605,2.05,0.0,0.0,0.0,0,0
20200422,5700,5770,5380,5770,288219,2.03,0.0,0.0,0.0,0,0
20200423,5770,5930,5670,5690,415664,1.93,0.0,0.0,0.0,0,0
20200424,5610,5950,5500,5580,382250,1.91,0.0,0.0,0.0,0,0
20200427,5640,5750,5550,5570,206310,1.85,0.0,0.0,0.0,0,0
20200428,5670,5690,5470,5550,198550,1.95,0.0,0.0,0.0,0,0
20200429,5630,5660,5520,5560,128694,1.95,0.0,0.0,0.0,0,0
20200504,5780,5800,5600,5600,166087,1.84,0.0,0.0,0.0,0,0
20200506,5650,5750,5600,5730,143214,1.98,0.0,0.0,0.0,0,0
20200507,5760,6290,5650,5980,867333,1.85,0.0,0.0,0.0,0,0
20200508,6080,6170,5920,6150,412637,2.17,0.0,0.0,0.0,0,0
20200511,5960,6000,5780,5800,381000,1.95,0.0,0.0,0.0,0,0
20200512,5780,5870,5610,5730,126414,1.92,0.0,0.0,0.0,0,0
20200513,5640,5780,5640,5700,66049,1.98,0.0,0.0,0.0,0,0
20200514,5630,5710,5540,5540,129420,2.03,0.0,0.0,0.0,0,0
20200515,5620,5640,5480,5560,74291,1.93,0.0,0.0,0.0,0,0
20200518,5520,5610,5480,5560,74520,1.97,0.0,0.0,0.0,0,0
20200519,5600,5750,5600,5650,91402,1.94,0.0,0.0,0.0,0,0
20200520,5650,5750,5650,5710,55150,2.01,0.0,0.0,0.0,0,0
20200521,5820,5820,5680,5710,125040,2.01,0.0,0.0,0.0,0,0
20200522,5790,5890,5700,5720,180581,2.06,0.0,0.0,0.0,0,0
20200525,5780,5780,5630,5670,97824,2.11,0.0,0.0,0.0,0,0
20200526,5670,6090,5640,5990,609112,2.41,0.0,0.0,0.0,0,0
20200527,5990,6120,5720,5920,301575,2.25,0.0,0.0,0.0,0,0
20200528,5990,6310,5790,5900,1267007,1.67,0.0,0.0,0.0,0,0
20200529,5900,5990,5800,5870,141414,1.85,0.0,0.0,0.0,0,0
20200601,5940,5940,5850,5890,93496,1.81,0.0,0.0,0.0,0,0
20200602,5930,6230,5900,6100,621503,1.88,0.0,0.0,0.0,0,0
20200603,6140,6150,5990,6010,227115,1.83,0.0,0.0,0.0,0,0
20200604,6010,6060,5950,5990,114906,1.86,0.0,0.0,0.0,0,0
20200605,5990,6110,5970,6060,108005,2.03,0.0,0.0,0.0,0,0
20200608,6030,6060,5850,5860,202415,2.11,0.0,0.0,0.0,0,0
20200609,5680,5760,5610,5630,308692,2.15,0.0,0.0,0.0,0,0
20200610,5580,5610,5510,5530,152958,2.13,0.0,0.0,0.0,0,0
20200611,5560,5610,5450,5520,115639,2.11,0.0,0.0,0.0,0,0
20200612,5250,5450,5150,5410,201632,2.22,0.0,0.0,0.0,0,0
20200615,5340,5340,4970,4975,243400,2.19,0.0,0.0,0.0,0,0
20200616,5010,5470,5010,5300,342550,2.34,0.0,0.0,0.0,0,0
20200617,4990,5080,4950,4995,362222,2.16,0.0,0.0,0.0,0,0
20200618,4995,5160,4900,4995,162112,2.17,0.0,0.0,0.0,0,0
20200619,5030,5450,4995,5190,590909,2.15,0.0,0.0,0.0,0,0
20200622,5140,5220,5010,5070,134244,2.02,0.0,0.0,0.0,0,0
20200623,5060,5140,4900,4910,170506,2.03,0.0,0.0,0.0,0,0
20200624,5240,5350,5110,5350,538533,2.28,0.0,0.0,0.0,0,0
20200625,5250,5300,5110,5220,137205,2.19,0.0,0.0,0.0,0,0
20200626,5360,5360,5110,5150,113308,2.08,0.0,0.0,0.0,0,0
20200629,5050,5140,5000,5050,87190,2.09,0.0,0.0,0.0,0,0
20200630,5070,5160,5020,5050,62107,2.11,0.0,0.0,0.0,0,0
20200701,5100,5270,5050,5180,105697,2.05,0.0,0.0,0.0,0,0
20200702,5190,5330,5190,5320,113622,2.04,0.0,0.0,0.0,0,0
20200703,5330,5850,5320,5820,657894,2.21,0.0,0.0,0.0,0,0
20200706,5830,5860,5600,5740,391238,1.93,0.0,0.0,0.0,0,0
20200707,5720,5790,5600,5660,175385,2.03,0.0,0.0,0.0,0,0
20200708,5590,5780,5540,5670,291594,2.08,0.0,0.0,0.0,0,0
20200709,5700,5810,5600,5600,122561,1.99,0.0,0.0,0.0,0,0
20200710,5710,5710,5410,5470,132206,2.0,0.0,0.0,0.0,0,0
20200713,5550,5550,5450,5530,85641,2.06,0.0,0.0,0.0,0,0
20200714,5530,5590,5420,5500,97745,2.1,0.0,0.0,0.0,0,0
20200715,5600,5600,5490,5570,80866,2.12,0.0,0.0,0.0,0,0
20200716,5570,5590,5450,5510,80273,2.13,0.0,0.0,0.0,0,0
20200717,5550,5690,5550,5650,174182,2.24,0.0,0.0,0.0,0,0
20200720,5770,5790,5630,5720,195242,2.3,0.0,0.0,0.0,0,0
20200721,5680,5760,5630,5740,122080,2.42,0.0,0.0,0.0,0,0
20200722,5850,5880,5710,5710,206063,2.34,0.0,0.0,0.0,0,0
20200723,5710,5810,5580,5680,150186,2.31,0.0,0.0,0.0,0,0
20200724,5620,5680,5490,5530,152112,2.5,0.0,0.0,0.0,0,0
20200727,5490,5710,5480,5700,127390,2.7,0.0,0.0,0.0,0,0
20200728,5700,5750,5600,5600,124176,2.66,0.0,0.0,0.0,0,0
20200729,5600,5630,5530,5540,78391,2.7,0.0,0.0,0.0,0,0
20200730,5590,5680,5540,5620,88737,2.63,0.0,0.0,0.0,0,0
20200731,5620,5700,5560,5600,63724,2.57,0.0,0.0,0.0,0,0
20200803,5660,5660,5480,5550,84114,2.53,0.0,0.0,0.0,0,0
20200804,5560,5610,5500,5500,100032,2.57,0.0,0.0,0.0,0,0
20200805,5540,5540,5410,5450,123674,2.59,0.0,0.0,0.0,0,0
20200806,5510,5580,5400,5550,122995,2.78,0.0,0.0,0.0,0,0
20200807,5600,5600,5450,5460,107954,2.72,0.0,0.0,0.0,0,0
20200810,5500,5500,5400,5500,101552,2.69,0.0,0.0,0.0,0,0
20200811,5470,5620,5470,5530,99290,2.89,0.0,0.0,0.0,0,0
20200812,5480,5550,5320,5410,111296,2.68,0.0,0.0,0.0,0,0
20200813,5420,5590,5380,5480,141042,2.77,0.0,0.0,0.0,0,0
20200814,5560,5560,5400,5470,94194,2.71,0.0,0.0,0.0,0,0
20200818,5400,5410,5050,5110,266278,2.45,0.0,0.0,0.0,0,0
20200819,5110,5210,5090,5120,60775,2.41,0.0,0.0,0.0,0,0
20200820,5120,5130,4905,4925,149712,2.18,0.0,0.0,0.0,0,0
20200821,4940,5240,4940,5050,107738,2.12,0.0,0.0,0.0,0,0
20200824,4915,5050,4900,4995,76959,2.16,0.0,0.0,0.0,0,0
20200825,5000,5110,5000,5110,67366,2.18,0.0,0.0,0.0,0,0
20200826,5070,5110,4975,5040,69964,2.17,0.0,0.0,0.0,0,0
20200827,5060,5060,4900,4940,148222,2.07,0.0,0.0,0.0,0,0
20200828,4905,4990,4900,4955,79049,2.11,0.0,0.0,0.0,0,0
20200831,4955,5030,4915,4915,100804,2.14,0.0,0.0,0.0,0,0
20200901,4915,4975,4915,4975,35932,2.12,0.0,0.0,0.0,0,0
20200902,4980,5060,4950,5040,105337,2.34,0.0,0.0,0.0,0,0
20200903,5050,5130,5000,5070,86530,2.32,0.0,0.0,0.0,0,0
20200904,4905,5020,4905,4975,95052,2.29,0.0,0.0,0.0,0,0
20200907,5050,5320,4965,5240,257705,2.51,0.0,0.0,0.0,0,0
20200908,5200,5290,5120,5120,100063,2.37,0.0,0.0,0.0,0,0
20200909,5020,5200,5010,5110,68925,2.36,0.0,0.0,0.0,0,0
20200910,5130,5240,5120,5210,66560,2.44,0.0,0.0,0.0,0,0
20200911,5260,5390,5200,5250,151894,2.31,0.0,0.0,0.0,0,0
20200914,5370,5470,5250,5470,174845,2.47,0.0,0.0,0.0,0,0
20200915,5430,5450,5350,5400,68726,2.39,0.0,0.0,0.0,0,0
20200916,5410,5500,5260,5290,96747,2.42,0.0,0.0,0.0,0,0
20200917,5310,5370,5240,5240,61217,2.42,0.0,0.0,0.0,0,0
20200918,5290,5350,5240,5270,37527,2.36,0.0,0.0,0.0,0,0
20200921,5270,5300,5110,5180,82148,2.37,0.0,0.0,0.0,0,0
20200922,5140,5210,5000,5040,77021,2.34,0.0,0.0,0.0,0,0
20200923,5050,5100,4945,4990,74464,2.25,0.0,0.0,0.0,0,0
20200924,4910,5080,4905,4930,90642,2.19,0.0,0.0,0.0,0,0
20200925,4960,5190,4835,5070,166379,2.17,0.0,0.0,0.0,0,0
20200928,5190,5220,5090,5160,93717,2.18,0.0,0.0,0.0,0,0
20200929,5270,5410,5180,5330,176640,2.47,0.0,0.0,0.0,0,0
20201005,5220,5260,5180,5190,91604,2.55,0.0,0.0,0.0,0,0
20201006,5230,5320,5220,5310,86241,2.48,0.0,0.0,0.0,0,0
20201007,5300,5300,5230,5280,32112,2.43,0.0,0.0,0.0,0,0
20201008,5230,5320,5230,5280,42405,2.42,0.0,0.0,0.0,0,0
20201012,5440,5480,5360,5430,127079,2.39,0.0,0.0,0.0,0,0
20201013,5390,5450,5300,5370,69467,2.33,0.0,0.0,0.0,0,0
20201014,5370,5400,5280,5310,64906,2.35,0.0,0.0,0.0,0,0
20201015,5440,5450,5240,5310,114461,2.36,0.0,0.0,0.0,0,0
20201016,5320,5350,5180,5270,61825,2.28,0.0,0.0,0.0,0,0
20201019,5270,5290,5160,5170,53425,2.22,0.0,0.0,0.0,0,0
20201020,5100,5200,5040,5150,51130,2.2,0.0,0.0,0.0,0,0
20201021,5150,5190,5100,5190,30848,2.2,0.0,0.0,0.0,0,0
20201022,5200,5230,5060,5100,64380,2.13,0.0,0.0,0.0,0,0
20201023,5130,5150,5060,5080,46785,2.16,0.0,0.0,0.0,0,0
20201026,5040,5120,4940,4945,79795,2.11,0.0,0.0,0.0,0,0
20201027,4875,4995,4875,4920,84313,2.12,0.0,0.0,0.0,0,0
20201028,4920,4985,4910,4940,36028,2.12,0.0,0.0,0.0,0,0
20201029,4890,4940,4870,4935,138637,2.09,0.0,0.0,0.0,0,0
20201030,4945,4950,4890,4895,46438,2.01,0.0,0.0,0.0,0,0
20201102,4895,4945,4890,4925,35995,1.98,0.0,0.0,0.0,0,0
20201103,4950,5090,4935,5040,56148,2.01,0.0,0.0,0.0,0,0
20201104,5100,5290,5010,5250,199539,2.08,0.0,0.0,0.0,0,0
20201105,5050,5080,4980,5040,132525,2.03,0.0,0.0,0.0,0,0
20201106,5080,5080,5000,5010,67281,1.98,0.0,0.0,0.0,0,0
20201109,5070,5100,5020,5100,74722,2.05,0.0,0.0,0.0,0,0
20201110,5160,5200,5100,5130,69804,2.13,0.0,0.0,0.0,0,0
20201111,5160,5300,5140,5220,71624,2.12,0.0,0.0,0.0,0,0
20201112,5250,5250,5170,5220,40543,2.11,0.0,0.0,0.0,0,0
20201113,5150,5220,5090,5110,85395,2.05,0.0,0.0,0.0,0,0
20201116,5120,5150,5060,5120,61330,2.06,0.0,0.0,0.0,0,0
20201117,5100,5150,5010,5070,70499,2.16,0.0,0.0,0.0,0,0
20201118,5070,5150,5060,5080,39949,2.21,0.0,0.0,0.0,0,0
20201119,5070,5120,5050,5070,31637,2.2,0.0,0.0,0.0,0,0
20201120,5070,5120,5060,5090,67135,2.28,0.0,0.0,0.0,0,0
20201123,5090,5090,5040,5090,51222,2.26,0.0,0.0,0.0,0,0
20201124,5090,5450,5080,5160,242241,2.32,0.0,0.0,0.0,0,0
20201125,5250,5280,5100,5130,120317,2.27,0.0,0.0,0.0,0,0
20201126,5130,5200,5100,5130,54872,2.13,0.0,0.0,0.0,0,0
20201127,5130,5160,5090,5130,50808,2.14,0.0,0.0,0.0,0,0
20201130,5130,5150,5070,5130,64765,2.16,0.0,0.0,0.0,0,0
20201201,5170,5180,5080,5130,35903,2.15,0.0,0.0,0.0,0,0
20201202,5150,5150,5080,5120,51500,2.11,0.0,0.0,0.0,0,0
20201203,5110,5170,5090,5100,58807,2.13,0.0,0.0,0.0,0,0
20201204,5090,5140,5050,5070,100355,2.11,0.0,0.0,0.0,0,0
20201207,5070,5100,5000,5020,83575,2.09,0.0,0.0,0.0,0,0
20201208,5050,5060,5000,5000,42775,2.06,0.0,0.0,0.0,0,0
20201209,5000,5360,5000,5150,334150,2.03,0.0,0.0,0.0,0,0
20201210,5160,5160,5070,5100,121815,2.14,0.0,0.0,0.0,0,0
20201211,5120,5220,5100,5150,124156,2.28,0.0,0.0,0.0,0,0
20201214,5240,5240,5110,5150,123709,2.32,0.0,0.0,0.0,0,0
20201215,5200,5200,5090,5130,58253,2.22,0.0,0.0,0.0,0,0
20201216,5150,5170,5100,5110,60911,2.2,0.0,0.0,0.0,0,0
20201217,5330,6410,5300,5520,7858760,0.97,0.0,0.0,0.0,0,0
20201218,5540,5800,5460,5660,1048242,1.39,0.0,0.0,0.0,0,0
20201221,5700,5750,5470,5560,581272,1.26,0.0,0.0,0.0,0,0
20201222,5450,5560,5360,5380,471084,1.21,0.0,0.0,0.0,0,0
20201223,5420,5480,5310,5340,249036,1.18,0.0,0.0,0.0,0,0
20201224,5350,5430,5240,5390,210666,1.1,0.0,0.0,0.0,0,0
20201228,5200,5270,5110,5130,428341,0.92,0.0,0.0,0.0,0,0
20201229,5220,5220,5080,5140,125639,1.0,0.0,0.0,0.0,0,0
20201230,5140,5300,5140,5290,168613,1.01,0.0,0.0,0.0,0,0
20210104,5280,5450,5210,5440,307274,1.15,0.0,0.0,0.0,0,0
20210105,5420,5630,5410,5540,454955,1.33,0.0,0.0,0.0,0,0
20210106,5580,5600,5430,5510,304751,1.38,0.0,0.0,0.0,0,0
20210107,5550,5660,5470,5500,270000,1.24,0.0,0.0,0.0,0,0
20210108,5610,5640,5470,5530,293751,1.33,0.0,0.0,0.0,0,0
20210111,5530,5530,5200,5320,329248,1.04,0.0,0.0,0.0,0,0
20210112,5340,5440,5250,5390,163391,1.2,0.0,0.0,0.0,0,0
20210113,5410,5470,5360,5410,157415,1.28,0.0,0.0,0.0,0,0
20210114,5400,5480,5380,5460,112754,1.24,0.0,0.0,0.0,0,0
20210115,5410,5490,5340,5400,111989,1.09,0.0,0.0,0.0,0,0
20210118,5410,5470,5290,5350,165571,1.09,0.0,0.0,0.0,0,0
20210119,5350,5480,5320,5420,175338,1.32,0.0,0.0,0.0,0,0
20210120,5480,5560,5420,5550,288634,1.45,0.0,0.0,0.0,0,0
20210121,5570,5690,5510,5640,276716,1.53,0.0,0.0,0.0,0,0
20210122,5700,5890,5570,5610,1109568,1.29,0.0,0.0,0.0,0,0
20210125,5610,5800,5580,5650,347805,1.48,0.0,0.0,0.0,0,0
20210126,5740,5750,5590,5630,229594,1.6,0.0,0.0,0.0,0,0
20210127,5630,5760,5570,5680,189431,1.63,0.0,0.0,0.0,0,0
20210128,5500,5630,5500,5540,186010,1.5,0.0,0.0,0.0,0,0
20210129,5620,5680,5330,5430,261636,1.34,0.0,0.0,0.0,0,0
20210201,5400,5660,5320,5600,274952,1.6,0.0,0.0,0.0,0,0
20210202,5660,6120,5620,5860,2089492,1.49,0.0,0.0,0.0,0,0
20210203,5900,5930,5750,5840,404344,1.44,0.0,0.0,0.0,0,0
20210204,5800,5880,5730,5860,235293,1.55,0.0,0.0,0.0,0,0
20210205,5910,5940,5760,5790,186924,1.4,0.0,0.0,0.0,0,0
20210208,5730,5800,5670,5680,134680,1.53,0.0,0.0,0.0,0,0
20210209,5670,5750,5650,5720,121161,1.61,0.0,0.0,0.0,0,0
20210210,5720,5720,5610,5680,87042,1.65,0.0,0.0,0.0,0,0
20210215,5690,5800,5660,5780,197386,1.8,0.0,0.0,0.0,0,0
20210216,5780,5820,5700,5800,175960,1.86,0.0,0.0,0.0,0,0
20210217,5820,6010,5760,5950,420696,2.01,0.0,0.0,0.0,0,0
20210218,6150,6620,5750,5750,3849035,1.35,0.0,0.0,0.0,0,0
20210219,5770,5930,5670,5920,402469,1.34,0.0,0.0,0.0,0,0
20210222,6000,6140,5910,5910,535253,1.32,0.0,0.0,0.0,0,0
20210223,5800,5950,5750,5880,234891,1.33,0.0,0.0,0.0,0,0
20210224,6100,6180,5640,5670,735670,0.98,0.0,0.0,0.0,0,0
20210225,5750,5870,5670,5850,227062,0.98,0.0,0.0,0.0,0,0
20210226,5650,5750,5630,5700,198717,0.88,0.0,0.0,0.0,0,0
20210302,5820,5950,5690,5730,229438,0.77,0.0,0.0,0.0,0,0
20210303,5810,5810,5660,5750,116135,0.84,0.0,0.0,0.0,0,0
20210304,5750,6560,5600,5940,2397438,0.91,0.0,0.0,0.0,0,0
20210305,5840,6000,5770,6000,323359,0.99,0.0,0.0,0.0,0,0
20210308,6300,6300,5930,5930,556542,0.82,0.0,0.0,0.0,0,0
20210309,5930,6140,5740,6120,368864,0.99,0.0,0.0,0.0,0,0
20210310,6170,6200,5990,5990,232909,0.72,0.0,0.0,0.0,0,0
20210311,5980,6250,5950,6100,312292,1.02,0.0,0.0,0.0,0,0
20210312,6140,6220,6080,6160,268424,1.19,0.0,0.0,0.0,0,0
20210315,6220,6410,6160,6280,565722,1.22,0.0,0.0,0.0,0,0
20210316,6280,6350,6120,6200,235201,0.97,0.0,0.0,0.0,0,0
20210317,6210,6300,6130,6290,181427,1.19,0.0,0.0,0.0,0,0
20210318,6360,6370,6230,6230,202126,1.07,0.0,0.0,0.0,0,0
20210319,6230,6350,6110,6300,291446,1.56,0.0,0.0,0.0,0,0
20210322,6290,6290,6150,6170,175619,1.51,0.0,0.0,0.0,0,0
20210323,6170,6270,6130,6210,187662,1.43,0.0,0.0,0.0,0,0
20210324,6160,6260,6060,6240,166906,1.64,0.0,0.0,0.0,0,0
20210325,6180,6300,6150,6150,152402,1.49,9300000000.0,45214795714.0,20.6,2021-03-25,2023-06-30
20210326,6180,6230,6130,6160,76587,1.39,0.0,0.0,0.0,0,0
20210329,6160,6190,6070,6070,136960,1.47,0.0,0.0,0.0,0,0
20210330,6050,6150,6050,6120,83934,1.52,0.0,0.0,0.0,0,0
20210331,6170,6380,6150,6350,265167,1.58,0.0,0.0,0.0,0,0
20210401,6420,6420,6260,6390,214314,1.45,0.0,0.0,0.0,0,0
20210402,6470,6470,6360,6400,228296,1.48,0.0,0.0,0.0,0,0
20210405,6490,6820,6430,6740,728714,2.26,0.0,0.0,0.0,0,0
20210406,6920,8000,6790,7140,5239539,1.18,0.0,0.0,0.0,0,0
20210407,7080,7190,6970,7180,528228,1.57,0.0,0.0,0.0,0,0
20210408,7180,7180,6650,6710,669800,1.19,0.0,0.0,0.0,0,0
20210409,6660,6790,6620,6720,273134,1.46,0.0,0.0,0.0,0,0
20210412,6750,6820,6630,6640,250697,1.34,0.0,0.0,0.0,0,0
20210413,6640,6670,6490,6580,290224,1.3,0.0,0.0,0.0,0,0
20210414,6580,6690,6500,6650,224620,1.35,0.0,0.0,0.0,0,0
20210415,6640,6700,6570,6610,231289,1.36,0.0,0.0,0.0,0,0
20210416,6710,6810,6650,6670,301921,1.27,0.0,0.0,0.0,0,0
20210419,6640,6830,6620,6680,255124,1.48,0.0,0.0,0.0,0,0
20210420,6690,6760,6600,6710,163685,1.59,0.0,0.0,0.0,0,0
20210421,6710,6750,6530,6550,198222,1.37,0.0,0.0,0.0,0,0
20210422,6550,6670,6540,6600,118617,1.47,0.0,0.0,0.0,0,0
20210423,6650,6680,6540,6600,158308,1.72,0.0,0.0,0.0,0,0
20210426,6600,6730,6510,6510,171619,1.78,0.0,0.0,0.0,0,0
20210427,6520,6570,6350,6500,194392,1.93,0.0,0.0,0.0,0,0
20210428,6460,6520,6280,6300,127908,1.77,0.0,0.0,0.0,0,0
20210429,6300,6400,6200,6350,134055,1.9,0.0,0.0,0.0,0,0
20210430,6410,6420,6250,6290,82417,1.87,0.0,0.0,0.0,0,0
20210503,6370,6440,6220,6290,106273,1.9,0.0,0.0,0.0,0,0
20210504,6340,6380,6240,6330,93886,1.84,0.0,0.0,0.0,0,0
20210506,6350,6580,6320,6550,183721,1.95,0.0,0.0,0.0,0,0
20210507,6590,6630,6480,6630,145454,1.99,0.0,0.0,0.0,0,0
20210510,6650,6780,6560,6640,270805,1.98,0.0,0.0,0.0,0,0
20210511,6640,6900,6640,6840,686428,2.37,0.0,0.0,0.0,0,0
20210512,6870,6870,6560,6650,209420,2.14,0.0,0.0,0.0,0,0
20210513,6770,7300,6650,6650,1784620,1.45,0.0,0.0,0.0,0,0
20210514,6800,6850,6680,6760,262225,1.88,0.0,0.0,0.0,0,0
20210517,6800,6850,6360,6420,417422,1.82,0.0,0.0,0.0,0,0
20210518,6430,6590,6420,6530,156338,2.0,0.0,0.0,0.0,0,0
20210520,6560,6710,6510,6670,147830,2.18,0.0,0.0,0.0,0,0
20210521,6750,6820,6520,6550,225212,2.13,0.0,0.0,0.0,0,0
20210524,6550,6690,6420,6600,231588,2.39,0.0,0.0,0.0,0,0
20210525,6610,6710,6550,6560,111280,2.38,0.0,0.0,0.0,0,0
20210526,6620,6870,6560,6830,325558,2.7,0.0,0.0,0.0,0,0
20210527,6850,6860,6710,6810,194294,2.57,0.0,0.0,0.0,0,0
20210528,6820,6890,6760,6830,183746,2.4,0.0,0.0,0.0,0,0
20210531,6810,6880,6780,6880,151742,2.5,0.0,0.0,0.0,0,0
20210601,6880,6990,6850,6940,325627,2.54,0.0,0.0,0.0,0,0
20210602,6950,7300,6880,7150,792430,2.96,0.0,0.0,0.0,0,0
20210603,7180,7210,6980,7060,295748,2.82,0.0,0.0,0.0,0,0
20210604,7130,7270,7020,7250,350026,3.0,0.0,0.0,0.0,0,0
20210607,7340,7730,7020,7390,1209245,2.48,0.0,0.0,0.0,0,0
20210608,7490,8130,7350,7350,2265402,1.97,0.0,0.0,0.0,0,0
20210609,7260,7420,7020,7040,543286,2.31,0.0,0.0,0.0,0,0
20210610,7030,7130,6810,6870,318532,2.24,0.0,0.0,0.0,0,0
20210611,6890,7140,6890,7070,262287,2.56,0.0,0.0,0.0,0,0
20210614,7150,7170,6950,7110,221199,2.51,0.0,0.0,0.0,0,0
20210615,7150,7290,7090,7190,275662,2.49,0.0,0.0,0.0,0,0
20210616,7190,7340,7040,7260,300224,2.87,0.0,0.0,0.0,0,0
20210617,7200,7500,7180,7370,380285,2.89,0.0,0.0,0.0,0,0
20210618,7420,7580,7360,7530,527234,3.08,0.0,0.0,0.0,0,0
20210621,8050,8070,7360,7530,1554881,1.72,0.0,0.0,0.0,0,0
20210622,7600,7670,7380,7380,392380,1.92,0.0,0.0,0.0,0,0
20210623,7470,7480,7000,7120,523422,1.9,0.0,0.0,0.0,0,0
20210624,7230,7250,6950,6970,282026,1.83,0.0,0.0,0.0,0,0
20210625,7050,7150,6970,6990,157592,1.83,0.0,0.0,0.0,0,0
20210628,7110,7270,7060,7120,278406,2.02,0.0,0.0,0.0,0,0
20210629,7130,7150,7000,7080,151339,1.98,0.0,0.0,0.0,0,0
20210630,7080,7210,6960,7090,230889,1.95,5529711955.0,44195774535.0,12.5,2021-06-30,2024-12-31
20210701,7110,7160,6990,7110,141171,1.97,0.0,0.0,0.0,0,0
20210702,7170,7310,7070,7120,192829,2.0,0.0,0.0,0.0,0,0
20210705,7180,7180,6760,6970,251406,2.12,0.0,0.0,0.0,0,0
20210706,6990,7080,6940,6950,133405,2.12,0.0,0.0,0.0,0,0
20210707,6980,6990,6820,6830,164245,2.03,0.0,0.0,0.0,0,0
20210708,6840,6850,6490,6490,383594,2.16,0.0,0.0,0.0,0,0
20210709,6430,6490,6170,6260,327464,2.45,0.0,0.0,0.0,0,0
20210712,6260,6440,6260,6340,157328,2.36,0.0,0.0,0.0,0,0
20210713,6390,6420,6300,6310,126946,2.3,0.0,0.0,0.0,0,0
20210714,6350,6440,6250,6390,125679,2.14,0.0,0.0,0.0,0,0
20210715,6390,6820,6280,6680,597191,2.32,0.0,0.0,0.0,0,0
20210716,6650,7000,6490,6940,716810,2.27,0.0,0.0,0.0,0,0
20210719,7040,7480,6950,7040,3095471,1.46,0.0,0.0,0.0,0,0
20210720,7110,7150,6870,6880,459787,1.72,0.0,0.0,0.0,0,0
20210721,7200,7200,6710,6710,504521,1.74,0.0,0.0,0.0,0,0
20210722,6740,6790,6530,6590,276068,2.08,0.0,0.0,0.0,0,0
20210723,6590,6690,6560,6600,172137,2.16,0.0,0.0,0.0,0,0
20210726,6600,6620,6360,6370,250217,1.99,0.0,0.0,0.0,0,0
20210727,6360,7080,6360,6680,1260113,2.2,0.0,0.0,0.0,0,0
20210728,6740,6890,6560,6770,401677,2.14,0.0,0.0,0.0,0,0
20210729,6760,6890,6730,6890,208294,2.25,0.0,0.0,0.0,0,0
20210730,6880,7050,6760,6990,267548,2.28,0.0,0.0,0.0,0,0
20210802,6920,6940,6600,6660,226058,1.88,0.0,0.0,0.0,0,0
20210803,6660,6800,6600,6730,163760,1.85,0.0,0.0,0.0,0,0
20210804,6750,6950,6730,6900,182735,2.1,0.0,0.0,0.0,0,0
20210805,6920,6960,6870,6890,143396,2.12,0.0,0.0,0.0,0,0
20210806,6900,7100,6900,6990,307670,2.53,0.0,0.0,0.0,0,0
20210809,6990,7110,6900,6920,260887,2.65,0.0,0.0,0.0,0,0
20210810,6900,7000,6790,6880,244937,2.94,0.0,0.0,0.0,0,0
20210811,6780,6780,6550,6550,272096,2.33,0.0,0.0,0.0,0,0
20210812,6520,6630,6460,6480,128073,2.26,0.0,0.0,0.0,0,0
20210813,6460,6510,6200,6420,186633,2.16,0.0,0.0,0.0,0,0
20210817,6420,6420,6070,6090,233276,1.95,0.0,0.0,0.0,0,0
20210818,5950,6230,5920,6180,98358,2.0,0.0,0.0,0.0,0,0
20210819,6190,6290,5940,5940,140749,1.97,0.0,0.0,0.0,0,0
20210820,6070,6070,5720,5780,156757,1.88,0.0,0.0,0.0,0,0
20210823,5850,6060,5770,6030,99958,2.01,0.0,0.0,0.0,0,0
20210824,6000,6160,6000,6100,65193,2.06,0.0,0.0,0.0,0,0
20210825,6100,6170,6040,6150,43321,1.99,0.0,0.0,0.0,0,0
20210826,6220,6280,6040,6130,75329,2.03,0.0,0.0,0.0,0,0
20210827,6090,6180,6000,6130,76000,2.14,0.0,0.0,0.0,0,0
20210830,6110,6190,6070,6140,67681,2.24,0.0,0.0,0.0,0,0
20210831,6190,6210,6060,6180,58484,2.2,0.0,0.0,0.0,0,0
20210901,6190,6310,6120,6310,63166,2.25,0.0,0.0,0.0,0,0
20210902,6310,6320,6230,6270,42131,2.22,0.0,0.0,0.0,0,0
20210903,6240,7110,6220,6610,5823127,2.23,0.0,0.0,0.0,0,0
20210906,6680,6900,6580,6610,907871,2.38,0.0,0.0,0.0,0,0
20210907,6610,6660,6350,6390,303725,2.53,0.0,0.0,0.0,0,0
20210908,6390,6450,6310,6340,125508,2.55,0.0,0.0,0.0,0,0
20210909,6340,6440,6220,6230,138018,2.52,0.0,0.0,0.0,0,0
20210910,6230,6310,6180,6300,93836,2.56,0.0,0.0,0.0,0,0
20210913,6220,6360,6130,6160,139605,2.47,0.0,0.0,0.0,0,0
20210914,6160,6290,6160,6260,86885,2.53,0.0,0.0,0.0,0,0
20210915,6290,6290,6150,6160,109056,2.39,0.0,0.0,0.0,0,0
20210916,6160,6180,6040,6080,108538,2.34,0.0,0.0,0.0,0,0
20210917,6080,6360,6010,6120,263009,2.1,0.0,0.0,0.0,0,0
20210923,6170,6290,6020,6040,190730,1.96,0.0,0.0,0.0,0,0
20210924,6010,6340,5910,6300,448234,2.13,0.0,0.0,0.0,0,0
20210927,6550,7270,6460,6710,2608072,2.47,0.0,0.0,0.0,0,0
20210928,6540,6870,6430,6870,572225,2.85,0.0,0.0,0.0,0,0
20210929,6620,6950,6570,6570,388704,2.71,0.0,0.0,0.0,0,0
20210930,6850,7480,6600,6640,1630275,1.97,0.0,0.0,0.0,0,0
20211001,6600,6970,6570,6830,1026410,2.54,0.0,0.0,0.0,0,0
20211005,6890,6890,6450,6450,446017,2.37,0.0,0.0,0.0,0,0
20211006,6480,6610,6020,6080,360466,2.46,0.0,0.0,0.0,0,0
20211007,6100,6230,6080,6170,154308,2.35,0.0,0.0,0.0,0,0
20211008,6160,6260,6050,6170,132568,2.35,0.0,0.0,0.0,0,0
20211012,6220,6250,6060,6090,125236,2.33,0.0,0.0,0.0,0,0
20211013,6080,6420,6080,6310,201680,2.76,0.0,0.0,0.0,0,0
20211014,6320,6420,6290,6420,77975,2.82,0.0,0.0,0.0,0,0
20211015,6430,6740,6300,6660,343810,3.29,0.0,0.0,0.0,0,0
20211018,6660,6780,6530,6710,196628,3.4,0.0,0.0,0.0,0,0
20211019,6730,6870,6630,6700,204963,3.47,0.0,0.0,0.0,0,0
20211020,6680,6850,6650,6780,215301,3.69,0.0,0.0,0.0,0,0
20211021,6790,6830,6620,6620,92055,3.65,0.0,0.0,0.0,0,0
20211022,6580,6750,6570,6740,174992,4.12,0.0,0.0,0.0,0,0
20211025,6710,6790,6640,6650,162432,4.16,0.0,0.0,0.0,0,0
20211026,6650,6730,6610,6720,89339,4.3,0.0,0.0,0.0,0,0
20211027,6710,6730,6530,6570,87819,4.29,0.0,0.0,0.0,0,0
20211028,6560,6750,6500,6610,168933,4.32,0.0,0.0,0.0,0,0
20211029,6580,6650,6550,6610,88141,4.42,0.0,0.0,0.0,0,0
20211101,6610,6610,6270,6270,156263,4.25,0.0,0.0,0.0,0,0
20211102,6210,6330,6210,6270,82811,4.26,0.0,0.0,0.0,0,0
20211103,6250,6330,6170,6170,85808,4.15,0.0,0.0,0.0,0,0
20211104,6290,6290,6100,6100,85809,4.06,0.0,0.0,0.0,0,0
20211105,6070,6180,5980,6080,82578,4.0,0.0,0.0,0.0,0,0
20211108,6020,6190,5970,6110,75254,3.94,0.0,0.0,0.0,0,0
20211109,6120,6150,5910,5970,186826,3.8,0.0,0.0,0.0,0,0
20211110,5910,5960,5740,5750,122862,3.6,0.0,0.0,0.0,0,0
20211111,5690,5790,5600,5640,109821,3.64,0.0,0.0,0.0,0,0
20211112,5700,5760,5640,5720,46026,3.61,0.0,0.0,0.0,0,0
20211115,5790,5850,5720,5840,40461,3.55,0.0,0.0,0.0,0,0
20211116,5870,5890,5730,5840,62853,3.46,0.0,0.0,0.0,0,0
20211117,5840,5860,5630,5680,105056,3.35,0.0,0.0,0.0,0,0
20211118,5650,5670,5500,5570,89872,3.33,0.0,0.0,0.0,0,0
20211119,5570,5610,5520,5590,60669,3.35,0.0,0.0,0.0,0,0
20211122,5520,5570,5340,5390,120347,3.34,0.0,0.0,0.0,0,0
20211123,5390,5440,5370,5390,50145,3.36,0.0,0.0,0.0,0,0
20211124,5350,5450,5300,5380,54291,3.29,0.0,0.0,0.0,0,0
20211125,5410,5410,5290,5290,54428,3.23,0.0,0.0,0.0,0,0
20211126,5270,5300,5020,5070,115135,3.34,0.0,0.0,0.0,0,0
20211129,4990,5050,4835,4940,100165,3.53,0.0,0.0,0.0,0,0
20211130,4985,5050,4700,4700,175445,3.46,0.0,0.0,0.0,0,0
20211201,4650,4930,4650,4900,68829,3.51,0.0,0.0,0.0,0,0
20211202,4895,5030,4810,4975,41181,3.56,0.0,0.0,0.0,0,0
20211203,5030,5120,4975,5110,57597,3.52,0.0,0.0,0.0,0,0
20211206,5110,5110,4990,5080,45869,3.53,0.0,0.0,0.0,0,0
20211207,5050,5150,5040,5050,22331,3.53,0.0,0.0,0.0,0,0
20211208,5100,5120,4985,4985,38429,3.54,0.0,0.0,0.0,0,0
20211209,5000,5100,4990,5030,62916,3.64,0.0,0.0,0.0,0,0
20211210,5050,5060,4990,5040,26433,3.61,0.0,0.0,0.0,0,0
20211213,4990,5060,4990,5020,33766,3.66,0.0,0.0,0.0,0,0
20211214,4955,5050,4955,5020,21879,3.62,0.0,0.0,0.0,0,0
20211215,5050,5050,4980,5040,12971,3.6,0.0,0.0,0.0,0,0
20211216,5040,5070,4980,5010,35023,3.57,0.0,0.0,0.0,0,0
20211217,5030,5030,4970,5020,28856,3.55,0.0,0.0,0.0,0,0
20211220,5000,5000,4920,4920,30183,3.46,0.0,0.0,0.0,0,0
20211221,4890,5000,4850,4980,33506,3.39,0.0,0.0,0.0,0,0
20211222,4980,5000,4930,4970,13628,3.38,7627983000.0,44195774535.0,17.3,2021-12-22,2022-07-29
20211223,4975,5180,4955,5080,59624,3.3,0.0,0.0,0.0,0,0
20211224,5060,5190,5060,5170,43957,3.31,0.0,0.0,0.0,0,0
20211227,5170,5290,5160,5250,40123,3.28,0.0,0.0,0.0,0,0
20211228,5240,5240,5170,5220,26631,3.22,0.0,0.0,0.0,0,0
20211229,5220,5290,5160,5210,44813,3.24,0.0,0.0,0.0,0,0
20211230,5210,5300,5120,5220,29515,3.24,0.0,0.0,0.0,0,0
20220103,5230,5300,5160,5240,18528,3.22,0.0,0.0,0.0,0,0
20220104,5210,5300,5190,5300,29292,3.23,0.0,0.0,0.0,0,0
20220105,5320,5320,5210,5280,64175,3.24,0.0,0.0,0.0,0,0
20220106,5270,5300,5150,5200,31028,3.2,0.0,0.0,0.0,0,0
20220107,5200,5250,5150,5220,26569,3.23,0.0,0.0,0.0,0,0
20220110,5180,5210,5100,5150,47173,3.24,0.0,0.0,0.0,0,0
20220111,5150,5160,5020,5100,33091,3.17,0.0,0.0,0.0,0,0
20220112,5090,5200,5070,5190,30584,3.23,0.0,0.0,0.0,0,0
20220113,5150,5240,5100,5140,21702,3.2,0.0,0.0,0.0,0,0
20220114,5070,5160,5030,5110,34272,3.25,0.0,0.0,0.0,0,0
20220117,5110,5200,4955,4990,53360,3.18,0.0,0.0,0.0,0,0
20220118,4925,5040,4855,4930,35281,3.11,0.0,0.0,0.0,0,0
20220119,4845,4930,4805,4880,45067,3.01,0.0,0.0,0.0,0,0
20220120,4810,4900,4800,4860,45288,3.04,0.0,0.0,0.0,0,0
20220121,4840,4920,4810,4825,40517,3.01,0.0,0.0,0.0,0,0
20220124,4790,4810,4590,4590,73398,2.95,0.0,0.0,0.0,0,0
20220125,4900,5380,4390,4550,787582,2.43,5363619082.0,44195774535.0,12.1,2022-01-25,2024-01-09
20220125,4900,5380,4390,4550,787582,2.43,7371677180.0,44195774535.0,16.7,2022-01-25,2022-09-30
20220126,4470,4590,4470,4550,71271,2.5,0.0,0.0,0.0,0,0
20220127,4560,4950,4450,4450,223867,2.6,0.0,0.0,0.0,0,0
20220128,4415,4625,4360,4620,57112,2.64,0.0,0.0,0.0,0,0
20220203,4680,4775,4630,4750,68163,2.81,0.0,0.0,0.0,0,0
20220204,4750,4810,4720,4805,48286,2.85,0.0,0.0,0.0,0,0
20220207,4805,4840,4745,4840,31284,2.85,0.0,0.0,0.0,0,0
20220208,4865,4870,4750,4795,37780,2.8,0.0,0.0,0.0,0,0
20220209,4795,4830,4790,4820,17555,2.81,0.0,0.0,0.0,0,0
20220210,4820,4855,4800,4835,27741,2.87,0.0,0.0,0.0,0,0
20220211,4830,4890,4715,4785,40035,2.84,0.0,0.0,0.0,0,0
20220214,4735,4750,4520,4600,40447,2.73,0.0,0.0,0.0,0,0
20220215,4560,4675,4485,4525,40758,2.71,0.0,0.0,0.0,0,0
20220216,4750,4750,4610,4695,18229,2.74,0.0,0.0,0.0,0,0
20220217,4745,4765,4575,4695,43337,2.86,0.0,0.0,0.0,0,0
20220218,4665,4725,4605,4680,20397,2.9,0.0,0.0,0.0,0,0
20220221,4680,4735,4620,4730,17841,2.89,0.0,0.0,0.0,0,0
20220222,4660,4670,4555,4555,34432,2.82,0.0,0.0,0.0,0,0
20220223,4580,4645,4545,4560,23156,2.83,0.0,0.0,0.0,0,0
20220224,4560,4565,4390,4455,56472,2.71,0.0,0.0,0.0,0,0
20220225,4495,4690,4495,4620,50998,2.76,6401272763.0,44195774535.0,14.5,2022-02-25,2022-12-31
20220228,4685,4820,4685,4695,66872,2.86,0.0,0.0,0.0,0,0
20220302,4715,4735,4640,4690,32475,2.87,0.0,0.0,0.0,0,0
20220303,4765,4780,4690,4700,56721,2.91,0.0,0.0,0.0,0,0
20220304,4725,4740,4680,4720,28624,2.91,0.0,0.0,0.0,0,0
20220307,4715,4715,4630,4635,23075,2.86,0.0,0.0,0.0,0,0
20220308,4625,4630,4495,4570,49523,2.7,0.0,0.0,0.0,0,0
20220310,4565,4565,4395,4405,151819,2.53,0.0,0.0,0.0,0,0
20220311,4495,4705,4410,4705,129342,2.75,0.0,0.0,0.0,0,0
20220314,4785,4785,4625,4765,107032,2.74,0.0,0.0,0.0,0,0
20220315,4665,4810,4665,4690,49977,2.74,8356227286.0,44195774535.0,18.9,2022-03-15,2023-02-28
20220316,4690,5150,4655,4810,609793,2.3,0.0,0.0,0.0,0,0
20220317,4845,4855,4755,4785,91209,2.31,0.0,0.0,0.0,0,0
20220318,4850,4850,4785,4830,39807,2.31,0.0,0.0,0.0,0,0
20220321,4830,4875,4760,4825,52788,2.38,0.0,0.0,0.0,0,0
20220322,4775,4895,4740,4830,57311,2.47,0.0,0.0,0.0,0,0
20220323,4815,4900,4800,4885,95070,2.67,0.0,0.0,0.0,0,0
20220324,4880,4885,4790,4860,45661,2.64,0.0,0.0,0.0,0,0
20220325,4860,4865,4795,4840,44776,2.59,0.0,0.0,0.0,0,0
20220328,4855,4930,4795,4905,118656,2.72,0.0,0.0,0.0,0,0
20220329,4910,4955,4850,4880,48801,2.64,0.0,0.0,0.0,0,0
20220330,4860,4895,4830,4850,46993,2.57,0.0,0.0,0.0,0,0
20220331,4820,5080,4820,5040,255294,2.83,21733860000.0,44195774535.0,49.2,2022-03-31,2023-03-31
20220401,5090,5530,4990,5060,1020377,2.11,0.0,0.0,0.0,0,0
20220404,5050,5110,4950,5090,92007,2.15,0.0,0.0,0.0,0,0
20220405,5070,5130,5000,5080,55458,2.14,0.0,0.0,0.0,0,0
20220406,5080,5260,5010,5190,196563,2.12,5204973031.0,48783124675.0,10.7,2022-04-06,2023-10-01
20220407,5190,5200,5060,5180,102867,2.07,0.0,0.0,0.0,0,0
20220408,5180,5190,5050,5100,72096,2.11,9704243665.0,48783124675.0,19.9,2022-04-08,2023-09-30
20220411,5150,5330,5010,5050,233883,2.12,0.0,0.0,0.0,0,0
20220412,4980,5070,4940,5050,73200,2.08,0.0,0.0,0.0,0,0
20220413,5050,5090,5030,5080,36830,2.07,0.0,0.0,0.0,0,0
20220414,5090,5120,5020,5070,34683,2.06,0.0,0.0,0.0,0,0
20220415,5070,5070,5000,5060,35105,2.05,0.0,0.0,0.0,0,0
20220418,5060,5070,5000,5030,38863,2.07,0.0,0.0,0.0,0,0
20220419,5030,5210,5030,5110,104662,2.16,0.0,0.0,0.0,0,0
20220420,5130,5180,5100,5130,41194,2.18,0.0,0.0,0.0,0,0
20220421,5160,5200,5070,5190,59102,2.25,0.0,0.0,0.0,0,0
20220422,5100,5160,5080,5120,37794,2.24,0.0,0.0,0.0,0,0
20220425,5070,5110,4930,5010,98399,2.33,0.0,0.0,0.0,0,0
20220426,5010,5300,5000,5210,174930,2.57,0.0,0.0,0.0,0,0
20220427,5120,5180,5050,5120,50591,2.61,0.0,0.0,0.0,0,0
20220428,5130,5170,5080,5130,56356,2.5,0.0,0.0,0.0,0,0
20220429,5140,5180,5010,5120,46255,2.49,0.0,0.0,0.0,0,0
20220502,5070,5140,5050,5120,16368,2.48,0.0,0.0,0.0,0,0
20220503,5100,5270,5100,5220,90402,2.55,0.0,0.0,0.0,0,0
20220504,5290,5480,5220,5290,140148,2.43,0.0,0.0,0.0,0,0
20220506,5290,5330,5100,5290,88009,2.5,0.0,0.0,0.0,0,0
20220509,5250,5370,5160,5210,118713,2.49,0.0,0.0,0.0,0,0
20220510,5080,5250,5000,5230,70218,2.46,0.0,0.0,0.0,0,0
20220511,5160,5390,5150,5330,89653,2.49,0.0,0.0,0.0,0,0
20220512,5540,6090,5270,5270,1503367,1.66,0.0,0.0,0.0,0,0
20220513,5210,5960,5210,5620,3582409,1.83,0.0,0.0,0.0,0,0
20220516,5820,5880,5630,5630,737618,1.7,0.0,0.0,0.0,0,0
20220517,5760,5920,5690,5880,1229428,1.4,0.0,0.0,0.0,0,0
20220518,5880,5890,5780,5830,271656,1.32,0.0,0.0,0.0,0,0
20220519,5700,5950,5600,5920,313537,1.51,0.0,0.0,0.0,0,0
20220520,5880,5880,5720,5760,211007,1.36,0.0,0.0,0.0,0,0
20220523,5730,5810,5510,5580,191143,1.28,0.0,0.0,0.0,0,0
20220524,5620,5720,5410,5420,131674,1.34,0.0,0.0,0.0,0,0
20220525,5520,5580,5430,5550,97368,1.34,11209283800.0,48783124675.0,23.0,2022-05-25,2023-12-01
20220526,5550,5880,5490,5720,595618,1.32,0.0,0.0,0.0,0,0
20220527,5830,5830,5710,5780,147420,1.36,0.0,0.0,0.0,0,0
20220530,5790,5810,5720,5780,127069,1.39,0.0,0.0,0.0,0,0
20220531,5770,5870,5710,5870,146955,1.51,11997365450.0,48783124675.0,24.6,2022-05-31,2024-03-31
20220602,5840,6230,5770,6110,922195,1.97,5963731920.0,48783124675.0,12.2,2022-06-02,2024-04-02
20220603,6140,6590,6130,6380,1504742,2.87,0.0,0.0,0.0,0,0
20220607,6380,6500,6330,6350,344230,2.75,0.0,0.0,0.0,0,0
20220608,6350,6610,6150,6170,525630,2.66,0.0,0.0,0.0,0,0
20220609,6210,6260,6000,6110,220573,2.86,0.0,0.0,0.0,0,0
20220610,6100,6180,5990,6030,158240,2.82,0.0,0.0,0.0,0,0
20220613,5940,5940,5550,5600,322959,2.82,0.0,0.0,0.0,0,0
20220614,5400,5760,5400,5750,196731,2.81,0.0,0.0,0.0,0,0
20220615,5720,5780,5450,5580,134039,2.74,0.0,0.0,0.0,0,0
20220616,5600,6510,5600,5900,1003027,3.0,9120038684.0,48783124675.0,18.7,2022-06-16,2023-12-31
20220617,5860,6600,5650,6510,2097322,3.25,19502255909.0,48783124675.0,40.0,2022-06-17,2023-12-31
20220620,6420,6570,6170,6310,561316,3.21,0.0,0.0,0.0,0,0
20220621,6240,6550,6120,6410,441935,2.68,0.0,0.0,0.0,0,0
20220622,6450,6490,6160,6270,247518,2.66,0.0,0.0,0.0,0,0
20220623,6280,6340,5750,5960,395476,2.66,0.0,0.0,0.0,0,0
20220624,5900,6200,5900,6140,178962,2.67,0.0,0.0,0.0,0,0
20220627,6220,6480,6200,6330,263850,2.79,0.0,0.0,0.0,0,0
20220628,6390,6920,6360,6900,2002513,2.93,0.0,0.0,0.0,0,0
20220629,6850,6960,6790,6790,617363,2.83,0.0,0.0,0.0,0,0
20220630,6820,7000,6730,6860,558869,2.6,0.0,0.0,0.0,0,0
20220701,6930,7060,6760,6930,486036,2.31,53282532426.0,48783124675.0,109.2,2022-07-01,2023-12-31
20220704,7100,7950,6800,7250,4214764,1.74,0.0,0.0,0.0,0,0
20220705,7180,7250,6680,7130,1283005,1.35,0.0,0.0,0.0,0,0
20220706,7050,7230,6480,6500,1061254,0.99,0.0,0.0,0.0,0,0
20220707,6510,6720,6450,6600,342686,0.95,0.0,0.0,0.0,0,0
20220708,6630,7100,6630,6980,954850,1.69,7842905350.0,48783124675.0,16.1,2022-07-08,2024-04-30
20220711,6950,7170,6820,6890,607501,1.35,0.0,0.0,0.0,0,0
20220712,6820,7100,6720,6880,366824,1.32,0.0,0.0,0.0,0,0
20220713,6800,6920,6630,6710,255227,1.23,0.0,0.0,0.0,0,0
20220714,6680,6870,6450,6870,271761,1.23,0.0,0.0,0.0,0,0
20220715,6900,7320,6870,7120,1363914,1.53,0.0,0.0,0.0,0,0
20220718,7130,7220,6980,7100,306032,1.35,0.0,0.0,0.0,0,0
20220719,7080,7440,7030,7100,465257,1.21,0.0,0.0,0.0,0,0
20220720,7140,7210,6970,7060,273055,1.25,0.0,0.0,0.0,0,0
20220721,7100,7140,6970,7020,192213,1.28,0.0,0.0,0.0,0,0
20220722,6950,7210,6950,7010,284657,1.38,0.0,0.0,0.0,0,0
20220725,7040,7570,7040,7440,1385798,1.86,0.0,0.0,0.0,0,0
20220726,7540,7880,7340,7400,1840526,2.32,0.0,0.0,0.0,0,0
20220727,7540,7920,7450,7650,1631740,3.48,0.0,0.0,0.0,0,0
20220728,7750,7780,7380,7540,702288,2.31,0.0,0.0,0.0,0,0
20220729,7530,7720,7300,7470,780200,1.69,0.0,0.0,0.0,0,0
20220801,7400,7530,7200,7250,467126,1.68,0.0,0.0,0.0,0,0
20220802,7280,7630,7240,7520,756356,1.75,0.0,0.0,0.0,0,0
20220803,7530,7530,7300,7460,195472,1.41,0.0,0.0,0.0,0,0
20220804,7480,7660,7370,7480,320629,1.46,0.0,0.0,0.0,0,0
20220805,7490,7590,7410,7470,171503,1.43,0.0,0.0,0.0,0,0
20220808,7430,7470,7210,7340,380289,1.34,0.0,0.0,0.0,0,0
20220809,7400,7400,7130,7170,290608,1.31,0.0,0.0,0.0,0,0
20220810,7110,7530,7100,7530,519078,1.6,0.0,0.0,0.0,0,0
20220811,7740,7840,7290,7530,1064811,1.05,0.0,0.0,0.0,0,0
20220812,7530,7730,7500,7520,337697,1.69,0.0,0.0,0.0,0,0
20220816,7660,7750,7180,7240,711244,1.3,0.0,0.0,0.0,0,0
20220817,7250,7250,6930,7000,325083,1.45,0.0,0.0,0.0,0,0
20220818,6950,7260,6870,7220,238059,1.4,0.0,0.0,0.0,0,0
20220819,7180,7290,7130,7140,119129,1.39,0.0,0.0,0.0,0,0
20220822,7100,7150,6950,6990,121635,1.45,0.0,0.0,0.0,0,0
20220823,7000,7310,6890,7190,317592,1.81,0.0,0.0,0.0,0,0
20220824,7270,7700,7150,7650,634847,2.41,0.0,0.0,0.0,0,0
20220825,7630,7970,7630,7900,693133,2.72,0.0,0.0,0.0,0,0
20220826,8000,9700,7940,8990,6289720,6.56,0.0,0.0,0.0,0,0
20220829,8840,8840,8220,8230,1292042,4.67,0.0,0.0,0.0,0,0
20220830,8250,8420,8010,8100,648014,4.65,0.0,0.0,0.0,0,0
20220831,8080,8240,7970,8200,368840,4.42,0.0,0.0,0.0,0,0
20220901,8370,8480,8030,8030,1031277,2.89,0.0,0.0,0.0,0,0
20220902,8110,8710,8080,8610,1386198,3.74,0.0,0.0,0.0,0,0
20220905,8720,8950,8330,8340,1197305,2.83,0.0,0.0,0.0,0,0
20220906,8460,8860,8350,8750,744631,2.8,0.0,0.0,0.0,0,0
20220907,8950,9440,8560,9130,1854522,2.29,0.0,0.0,0.0,0,0
20220908,9590,10400,9320,10100,6526395,3.23,0.0,0.0,0.0,0,0
20220913,10000,10100,9150,9380,1950454,1.63,0.0,0.0,0.0,0,0
20220914,9120,9420,9070,9220,693939,1.33,0.0,0.0,0.0,0,0
20220915,9220,9770,9170,9370,1236239,1.72,0.0,0.0,0.0,0,0
20220916,9350,9400,8770,8790,744142,1.23,0.0,0.0,0.0,0,0
20220919,8720,9090,8600,8750,498100,1.01,0.0,0.0,0.0,0,0
20220920,8870,9350,8790,9270,646382,1.42,0.0,0.0,0.0,0,0
20220921,9110,9290,8950,9020,266497,1.34,0.0,0.0,0.0,0,0
20220922,8800,9470,8780,9450,424510,1.34,0.0,0.0,0.0,0,0
20220923,9500,9640,9050,9180,486933,1.11,0.0,0.0,0.0,0,0
20220926,9010,9110,8340,8340,514810,1.15,0.0,0.0,0.0,0,0
20220927,8270,8580,8020,8460,473610,0.99,0.0,0.0,0.0,0,0
20220928,8460,8920,8430,8740,552086,1.2,0.0,0.0,0.0,0,0
20220929,8960,9680,8960,9400,1341776,2.36,0.0,0.0,0.0,0,0
20220930,9220,9670,8960,9540,749686,1.69,0.0,0.0,0.0,0,0
20221004,9600,9790,9390,9580,486175,1.61,0.0,0.0,0.0,0,0
20221005,9780,10400,9660,9990,1472360,2.02,0.0,0.0,0.0,0,0
20221006,9980,10200,9600,10050,633068,1.81,0.0,0.0,0.0,0,0
20221007,9950,10350,9740,9740,510488,2.19,0.0,0.0,0.0,0,0
20221011,9620,9970,9450,9590,496208,2.16,0.0,0.0,0.0,0,0
20221012,9500,9780,9320,9720,388063,2.18,0.0,0.0,0.0,0,0
20221013,9720,9840,9500,9600,283369,1.9,0.0,0.0,0.0,0,0
20221014,9780,9900,9600,9680,336056,1.79,0.0,0.0,0.0,0,0
20221017,9470,9740,9460,9670,212015,2.07,0.0,0.0,0.0,0,0
20221018,9750,9800,9070,9220,676854,1.62,0.0,0.0,0.0,0,0
20221019,9300,9390,9040,9100,227022,1.74,0.0,0.0,0.0,0,0
20221020,9110,9610,9080,9310,652173,1.75,6743943350.0,48783124675.0,13.8,2022-10-20,2024-01-31
20221020,9110,9610,9080,9310,652173,1.75,13382052000.0,48783124675.0,27.4,2022-10-20,2024-12-31
20221021,9420,9510,8900,8940,319805,1.59,0.0,0.0,0.0,0,0
20221024,9060,9200,8940,8950,186192,1.55,0.0,0.0,0.0,0,0
20221025,9040,9120,8740,8790,221383,1.65,0.0,0.0,0.0,0,0
20221026,8820,9140,8670,9100,238776,1.58,0.0,0.0,0.0,0,0
20221027,9040,9270,9000,9190,138599,1.59,0.0,0.0,0.0,0,0
20221028,9180,9360,8960,8990,218105,1.51,0.0,0.0,0.0,0,0
20221031,9020,9520,9000,9460,368337,2.15,0.0,0.0,0.0,0,0
20221101,9560,10400,9390,10100,1184161,3.87,0.0,0.0,0.0,0,0
20221102,10050,10300,9710,9720,501348,3.44,0.0,0.0,0.0,0,0
20221103,9600,9910,9490,9870,307564,3.34,0.0,0.0,0.0,0,0
20221104,9880,10750,9830,10350,1242095,3.05,0.0,0.0,0.0,0,0
20221107,10250,10300,9670,9770,677239,1.82,0.0,0.0,0.0,0,0
20221108,9690,10200,9540,10050,550879,1.87,0.0,0.0,0.0,0,0
20221109,10150,10650,9930,10050,569576,2.28,0.0,0.0,0.0,0,0
20221110,9940,10350,9800,10200,284226,2.3,0.0,0.0,0.0,0,0
20221111,10550,10650,9500,9940,1109587,2.3,0.0,0.0,0.0,0,0
